Date,SPVXSP5I
30.09.11,103929.55
03.10.11,100249.94
04.10.11,104257.61
05.10.11,106999.49
06.10.11,107702.92
07.10.11,107600.15
10.10.11,111464.5
11.10.11,111735.25
12.10.11,115211.45
13.10.11,115630.6
14.10.11,119182.37
17.10.11,111710.66
18.10.11,115018.41
19.10.11,109731.27
20.10.11,109345.01
21.10.11,113230
24.10.11,116380.29
25.10.11,111657.38
26.10.11,114614.18
27.10.11,122284.31
28.10.11,122413.35
31.10.11,114682.97
01.11.11,107658.46
02.11.11,109392.22
03.11.11,111862.98
04.11.11,110853.86
07.11.11,111163.89
08.11.11,114186.75
09.11.11,102738.02
10.11.11,105996.67
11.11.11,108351.31
14.11.11,107341.77
15.11.11,107428.85
16.11.11,104017.02
17.11.11,102270.26
18.11.11,104323.73
21.11.11,103361.48
22.11.11,104334.87
23.11.11,102289.35
25.11.11,101065.8
28.11.11,104439.9
29.11.11,105401.98
30.11.11,109904.23
01.12.11,110978.52
02.12.11,111302.18
05.12.11,111495.08
06.12.11,110967.33
07.12.11,109850.21
08.12.11,107055.65
09.12.11,111622.68
12.12.11,110643.82
13.12.11,111159.97
14.12.11,110859.79
15.12.11,112966.5
16.12.11,113114.72
19.12.11,114102.77
20.12.11,117735.57
21.12.11,122280.91
22.12.11,120854.28
23.12.11,119472.28
27.12.11,120030.18
28.12.11,117295.65
29.12.11,118807.19
30.12.11,117224.43
03.01.12,120872.86
04.01.12,122195.26
05.01.12,123239.42
06.01.12,124708.5
09.01.12,125314.1
10.01.12,126632.22
11.01.12,125212.25
12.01.12,126419.91
13.01.12,125481.19
17.01.12,125865.49
18.01.12,127836.24
19.01.12,129606.6
20.01.12,131544.86
23.01.12,133110.69
24.01.12,133508.68
25.01.12,135468.65
26.01.12,135532.64
27.01.12,136752.43
30.01.12,135219.92
31.01.12,134591.94
01.02.12,137289.94
02.02.12,139571.59
03.02.12,142844.4
06.02.12,143480.8
07.02.12,142637.65
08.02.12,140308.15
09.02.12,137181.12
10.02.12,132042.57
13.02.12,136944.02
14.02.12,135213.94
15.02.12,129793.34
16.02.12,133609.15
17.02.12,134106.33
21.02.12,134106.33
22.02.12,136221.5
23.02.12,140718.24
24.02.12,137539.11
27.02.12,136540.95
28.02.12,138458.38
29.02.12,138222.9
01.03.12,140850.18
02.03.12,139630.9
05.03.12,140105.83
06.03.12,133843.31
07.03.12,138164.56
08.03.12,140578.83
09.03.12,142330.76
12.03.12,145902.02
13.03.12,148538.81
14.03.12,144717.92
15.03.12,146127.88
16.03.12,146969.43
19.03.12,152240.06
20.03.12,155537.45
21.03.12,159609.11
22.03.12,158482.18
23.03.12,164227.52
26.03.12,171164.98
27.03.12,161414.37
28.03.12,161074.33
29.03.12,162939.2
30.03.12,164713.65
02.04.12,164469.12
03.04.12,162883.26
04.04.12,160006.79
05.04.12,157788.76
09.04.12,153565.48
10.04.12,148617.06
11.04.12,149871.47
12.04.12,157982.56
13.04.12,151139.89
16.04.12,152276.76
17.04.12,157335.07
18.04.12,154969.13
19.04.12,155503.96
20.04.12,158088.77
23.04.12,154685.09
24.04.12,157743.42
25.04.12,162219.79
26.04.12,164476.94
27.04.12,164564.41
30.04.12,162909.18
01.05.12,164801.28
02.05.12,164909.55
03.05.12,162027.2
04.05.12,157864.28
07.05.12,160191.64
08.05.12,159543.8
09.05.12,156161.59
10.05.12,159888.34
11.05.12,156981.28
14.05.12,151693.68
15.05.12,148884.23
16.05.12,147326.87
17.05.12,141971.47
18.05.12,136685.29
21.05.12,145760.28
22.05.12,143704.17
23.05.12,144130.63
24.05.12,145561.21
25.05.12,144850.86
29.05.12,149088.51
30.05.12,141295.61
31.05.12,140318.13
01.06.12,135645.26
04.06.12,137433.2
05.06.12,140439.48
06.06.12,145704.04
07.06.12,146459.46
08.06.12,150685.21
11.06.12,142128.31
12.06.12,144628.4
13.06.12,140992.89
14.06.12,145546.07
15.06.12,149795.59
18.06.12,155871.98
19.06.12,155609.89
20.06.12,160761.36
21.06.12,149603.09
22.06.12,154160.38
25.06.12,152211.88
26.06.12,154440.23
27.06.12,154613.65
28.06.12,155826.13
29.06.12,161595.75
02.07.12,166931.94
03.07.12,168874.6
05.07.12,164925
06.07.12,166594.63
09.07.12,166627.95
10.07.12,163489.03
11.07.12,166660.65
12.07.12,165991.73
13.07.12,170980.96
16.07.12,171251.17
17.07.12,174573.36
18.07.12,174102.81
19.07.12,176194.5
20.07.12,171692.69
23.07.12,164538.08
24.07.12,160526.3
25.07.12,163247.7
26.07.12,170311.3
27.07.12,172331.79
30.07.12,168734.09
31.07.12,167057.65
01.08.12,168030.8
02.08.12,171510.53
03.08.12,177634.66
06.08.12,179455.16
07.08.12,175757.52
08.08.12,179574.28
09.08.12,180811.43
10.08.12,181475.22
13.08.12,183347.24
14.08.12,179641.27
15.08.12,179835.68
16.08.12,181086.16
17.08.12,183938.99
20.08.12,183887.76
21.08.12,181399.5
22.08.12,180190.17
23.08.12,178764.02
24.08.12,182025.88
27.08.12,180939.99
28.08.12,180053.03
29.08.12,178907.34
30.08.12,177108.63
31.08.12,180420.34
04.09.12,182066.82
05.09.12,184164.31
06.09.12,193313.53
07.09.12,198830.97
10.09.12,191979.07
11.09.12,192543.46
12.09.12,196650.38
13.09.12,202915.9
14.09.12,197330.61
17.09.12,200352.98
18.09.12,203972.3
19.09.12,205227.51
20.09.12,203001.27
21.09.12,205023.32
24.09.12,206106.35
25.09.12,198808.87
26.09.12,195462.16
27.09.12,203563.66
28.09.12,201732.77
01.10.12,199190.42
02.10.12,201175.8
03.10.12,202194.78
04.10.12,205022.68
05.10.12,205695.49
08.10.12,204773.09
09.10.12,200574.94
10.10.12,200079.52
11.10.12,203382.45
12.10.12,200744.55
15.10.12,205576.35
16.10.12,207923.73
17.10.12,209785.73
18.10.12,208233.84
19.10.12,202671.66
22.10.12,204205.84
23.10.12,193856.39
24.10.12,195972.28
25.10.12,198001.31
26.10.12,198194.29
31.10.12,194607.94
01.11.12,203997.63
02.11.12,199279.16
05.11.12,197638.19
06.11.12,202486.44
07.11.12,193553.21
08.11.12,194829.1
09.11.12,193621.91
12.11.12,200236.32
13.11.12,201068.33
14.11.12,196475.68
15.11.12,195650.77
16.11.12,200753.45
19.11.12,209589.97
20.11.12,210831.35
21.11.12,210509.96
23.11.12,212769.37
26.11.12,216000.44
27.11.12,212477.33
28.11.12,216459.8
29.11.12,218242.83
30.11.12,216498.34
03.12.12,211538.61
04.12.12,210651.73
05.12.12,213542.45
06.12.12,211631.03
07.12.12,214102.83
10.12.12,214908.23
11.12.12,218240.27
12.12.12,214052.18
13.12.12,212388.47
14.12.12,212923.66
17.12.12,217233.06
18.12.12,219643.3
19.12.12,213183.2
20.12.12,210748.1
21.12.12,206483.84
24.12.12,204227.18
26.12.12,199892.89
27.12.12,201585.93
28.12.12,185749.53
31.12.12,203255.09
02.01.13,214199.6
03.01.13,212544.27
04.01.13,215158.98
07.01.13,217600.61
08.01.13,217828.94
09.01.13,217980.69
10.01.13,220323.75
11.01.13,220963.55
14.01.13,221313.3
15.01.13,222263.73
16.01.13,224373.82
17.01.13,223047.74
18.01.13,230182.45
22.01.13,235179.35
23.01.13,238050.55
24.01.13,236379.16
25.01.13,235401.31
28.01.13,232236.97
29.01.13,236027
30.01.13,228025
31.01.13,229090.17
01.02.13,232478.15
04.02.13,227174.16
05.02.13,230713.05
06.02.13,232599.91
07.02.13,232681
08.02.13,234984.37
11.02.13,235937.74
12.02.13,237273.55
13.02.13,237674.35
14.02.13,239247.24
15.02.13,239689.54
19.02.13,244702.25
20.02.13,232315.01
21.02.13,231488.88
22.02.13,235922.83
25.02.13,216324.99
26.02.13,219090.5
27.02.13,228664.74
28.02.13,223655.49
01.03.13,221951.02
04.03.13,230270.02
05.03.13,233016.13
06.03.13,232534.96
07.03.13,235397.52
08.03.13,237240.67
11.03.13,242830.9
12.03.13,240029.84
13.03.13,241204.25
14.03.13,242459.8
15.03.13,241720.27
18.03.13,235581.89
19.03.13,235229.71
20.03.13,242103.3
21.03.13,238475.47
22.03.13,239661.81
25.03.13,241597.28
26.03.13,244193.95
27.03.13,242738.31
28.03.13,244118.48
01.04.13,242612.39
02.04.13,247133.65
03.04.13,241297.61
04.04.13,243632.61
05.04.13,243525.78
08.04.13,247649.01
09.04.13,248071.85
10.04.13,252611.37
11.04.13,252517.78
12.04.13,255680.65
15.04.13,231462.82
16.04.13,244978.23
17.04.13,230860.84
18.04.13,225601.89
19.04.13,233500.06
22.04.13,238271.3
23.04.13,244001.06
24.04.13,243338.01
25.04.13,242205.82
26.04.13,241979.7
29.04.13,242381.5
30.04.13,244364.01
01.05.13,239091.15
02.05.13,243209.16
03.05.13,245445.79
06.05.13,248137.88
07.05.13,248566.06
08.05.13,247021.1
09.05.13,245072.35
10.05.13,247378.8
13.05.13,247848.4
14.05.13,248369.23
15.05.13,247443.11
16.05.13,245718.07
17.05.13,248226.72
20.05.13,248160.3
21.05.13,245699.83
22.05.13,246497.56
23.05.13,244913.66
24.05.13,244954.94
28.05.13,247116.31
29.05.13,245768.71
30.05.13,245459.02
31.05.13,240521.16
03.06.13,241155.83
04.06.13,240421.54
05.06.13,234733.57
06.06.13,237930.13
07.06.13,241567.58
10.06.13,243032.09
11.06.13,235405.56
12.06.13,228273.68
13.06.13,234301.4
14.06.13,230140.02
17.06.13,233364.11
18.06.13,234349.86
19.06.13,235013.75
20.06.13,221338.3
21.06.13,224646.95
24.06.13,218103.53
25.06.13,221487.85
26.06.13,224509.09
27.06.13,228146.18
28.06.13,229070.44
01.07.13,231690.26
02.07.13,231859.35
03.07.13,233262.41
05.07.13,240229.05
08.07.13,244943.09
09.07.13,246049.82
10.07.13,248222.49
11.07.13,250626.09
12.07.13,249436.8
15.07.13,253059.24
16.07.13,249529.77
17.07.13,254150.69
18.07.13,255335.88
19.07.13,259748.4
22.07.13,261572.77
23.07.13,262010.48
24.07.13,260871.3
25.07.13,263456.57
26.07.13,263898.85
29.07.13,262410.9
30.07.13,265136.03
31.07.13,268347.64
01.08.13,271314.94
02.08.13,275357.34
05.08.13,276859.65
06.08.13,273077.19
07.08.13,271354.91
08.08.13,273561.66
09.08.13,270375.38
12.08.13,272209.93
13.08.13,273477.41
14.08.13,271126.33
15.08.13,265215.62
16.08.13,266135.45
19.08.13,262960.63
20.08.13,265356.59
21.08.13,261541.56
22.08.13,266763.86
23.08.13,268817.98
26.08.13,263408.47
27.08.13,252575.47
28.08.13,251676.96
29.08.13,251676.96
30.08.13,250470.78
03.09.13,254605.74
04.09.13,255539.07
05.09.13,257186.19
06.09.13,256428.82
09.09.13,261667.69
10.09.13,265740.59
11.09.13,270712.59
12.09.13,269908.13
13.09.13,269908.13
16.09.13,271922.03
17.09.13,272775.83
18.09.13,279396.6
19.09.13,278947.03
20.09.13,276601.36
23.09.13,273547.76
24.09.13,275921.09
25.09.13,276033.43
26.09.13,278274.69
27.09.13,272829.09
30.09.13,267317.39
01.10.13,273023.08
02.10.13,266348.22
03.10.13,260690.17
04.10.13,264066.99
07.10.13,252583.27
08.10.13,247125.17
09.10.13,249944.39
10.10.13,263088.82
11.10.13,266909.94
14.10.13,264907.71
15.10.13,259067.38
16.10.13,272170.5
17.10.13,280882.05
18.10.13,282916.59
21.10.13,280470.57
22.10.13,280394.48
23.10.13,279636.14
24.10.13,281643.73
25.10.13,281165.72
28.10.13,280843.2
29.10.13,281446.67
30.10.13,280689.59
31.10.13,281157.71
01.11.13,280951.26
04.11.13,285618.84
05.11.13,284855.57
06.11.13,287468.04
07.11.13,282650.47
08.11.13,288122.22
11.11.13,289672.12
12.11.13,289169.28
13.11.13,290564.31
14.11.13,291309.55
15.11.13,293653.94
18.11.13,293839.56
19.11.13,291737.76
20.11.13,295258.73
21.11.13,299948.84
22.11.13,301255.93
25.11.13,301055.63
26.11.13,300317.05
27.11.13,299250.51
29.11.13,298365.97
02.12.13,295883.67
03.12.13,292568.38
04.12.13,295074.65
05.12.13,293140.59
06.12.13,298402.61
09.12.13,300444.62
10.12.13,299078.47
11.12.13,292389.9
12.12.13,291009.99
13.12.13,290861.62
16.12.13,288367.81
17.12.13,289932.93
18.12.13,299721.67
19.12.13,300189.91
20.12.13,300330.53
23.12.13,305852.35
24.12.13,311078.06
26.12.13,311336.61
27.12.13,308392.65
30.12.13,306190.2
31.12.13,306239.05
02.01.14,303338.51
03.01.14,304898.21
06.01.14,306477.99
07.01.14,309436.09
08.01.14,309212
09.01.14,308716.31
10.01.14,311938.25
13.01.14,308245.18
14.01.14,313677.35
15.01.14,313113.92
16.01.14,311209.64
17.01.14,311706.94
21.01.14,313376.62
22.01.14,316154.78
23.01.14,312294.13
24.01.14,291286.51
27.01.14,291972.61
28.01.14,299736.32
29.01.14,288749.6
30.01.14,286828.61
31.01.14,279272.13
03.02.14,267677.8
04.02.14,270563.86
05.02.14,267291.07
06.02.14,280843.38
07.02.14,291146.77
10.02.14,291025.34
11.02.14,296212.7
12.02.14,299535.76
13.02.14,299878.96
14.02.14,302551.26
18.02.14,304965.81
19.02.14,294940.98
20.02.14,299219.13
21.02.14,297381.5
24.02.14,298694.61
25.02.14,299684.7
26.02.14,295821.7
27.02.14,297438.21
28.02.14,295976.92
03.03.14,284651.4
04.03.14,295668.85
05.03.14,295440.95
06.03.14,296122.04
07.03.14,292698.81
10.03.14,292967.97
11.03.14,290984.48
12.03.14,292541.45
13.03.14,285594.68
14.03.14,280750.25
17.03.14,288793.25
18.03.14,293710.79
19.03.14,290019.83
20.03.14,292321.91
21.03.14,290011.33
24.03.14,290376.2
25.03.14,292527.46
26.03.14,289167.35
27.03.14,291688.29
28.03.14,293055.78
31.03.14,297010.65
01.04.14,302103.18
02.04.14,301096.01
03.04.14,302587.28
04.04.14,298874.41
07.04.14,295166.69
08.04.14,297759.37
09.04.14,301416.07
10.04.14,292485.92
11.04.14,288099.27
14.04.14,288634.24
15.04.14,290535.32
16.04.14,295392.29
17.04.14,298156.4
21.04.14,299943.44
22.04.14,301457.08
23.04.14,300311.48
24.04.14,299038.63
25.04.14,297962.95
28.04.14,301465.15
29.04.14,303418.49
30.04.14,303232.12
01.05.14,303809.7
02.05.14,303354.34
05.05.14,306067.26
06.05.14,304277.52
07.05.14,307743.66
08.05.14,307552.04
09.05.14,310603.82
12.05.14,315240.03
13.05.14,314831.68
14.05.14,316249.84
15.05.14,314068.81
16.05.14,316996.57
19.05.14,320222.88
20.05.14,319662.81
21.05.14,322992.63
22.05.14,323503.22
23.05.14,325096.39
27.05.14,330199.75
28.05.14,329946.09
29.05.14,331425.53
30.05.14,331044.73
02.06.14,332019.5
03.06.14,331325.69
04.06.14,333071.15
05.06.14,339340.65
06.06.14,348263.68
09.06.14,345976.23
10.06.14,348417.11
11.06.14,344341.02
12.06.14,335783.63
13.06.14,339791.57
16.06.14,339661.14
17.06.14,344208.14
18.06.14,353805.02
19.06.14,352417.84
20.06.14,351052.43
23.06.14,354872.83
24.06.14,348686.58
25.06.14,354230.58
26.06.14,353294.79
27.06.14,354647.05
30.06.14,357086.46
01.07.14,361611.16
02.07.14,363763.61
03.07.14,365524.99
07.07.14,361307.99
08.07.14,359706.64
09.07.14,362821.46
10.07.14,354942.19
11.07.14,357366.09
14.07.14,363699.07
15.07.14,360198.34
16.07.14,364354.48
17.07.14,350250.62
18.07.14,359017.07
21.07.14,353776.15
22.07.14,358707.19
23.07.14,357751.73
24.07.14,355563.4
25.07.14,351779.69
28.07.14,353697.65
29.07.14,352634.32
30.07.14,351352.02
31.07.14,332974.38
01.08.14,325053.65
04.08.14,334334.55
05.08.14,323273.79
06.08.14,322474.6
07.08.14,318647.89
08.08.14,323891.7
11.08.14,333422.66
12.08.14,335070
13.08.14,344198.16
14.08.14,350423.84
15.08.14,349966.3
18.08.14,356486.47
19.08.14,355392.95
20.08.14,355392.95
21.08.14,356671.1
22.08.14,355348.03
25.08.14,357202.02
26.08.14,355602.71
27.08.14,354303.64
28.08.14,353865.57
29.08.14,351790.7
02.09.14,351626.74
03.09.14,354139.76
04.09.14,354172.98
05.09.14,357849.17
08.09.14,356725.78
09.09.14,352087.74
10.09.14,353022.95
11.09.14,353411.88
12.09.14,349328.82
15.09.14,344645.29
16.09.14,354069.18
17.09.14,355913.29
18.09.14,358381.1
19.09.14,357060.35
22.09.14,348037.35
23.09.14,342324.97
24.09.14,350165.31
25.09.14,337711.73
26.09.14,341900.18
29.09.14,332685.84
30.09.14,331994.36
01.10.14,326743.84
02.10.14,329690.43
03.10.14,341378.91
06.10.14,336185.16
07.10.14,324063
08.10.14,339548.53
09.10.14,322787.45
10.10.14,304306.24
13.10.14,284978.33
14.10.14,293538.65
15.10.14,275247.58
16.10.14,282289.77
17.10.14,289773.11
20.10.14,302197.74
21.10.14,313603.61
22.10.14,302965.14
23.10.14,309640.5
24.10.14,312683.21
27.10.14,312959.68
28.10.14,323958.56
29.10.14,318302.14
30.10.14,319327.34
31.10.14,322431.44
03.11.14,320707.75
04.11.14,321256.05
05.11.14,325759.64
06.11.14,330214.6
07.11.14,330323.01
10.11.14,337225.04
11.11.14,337684.95
12.11.14,333798.55
13.11.14,330025.56
14.11.14,332860.92
17.11.14,332368.36
18.11.14,333074.37
19.11.14,330897.42
20.11.14,334539.81
21.11.14,336503.28
24.11.14,340601.98
25.11.14,341629.89
26.11.14,344210.63
28.11.14,337876.42
01.12.14,329774.84
02.12.14,342568.77
03.12.14,342022.98
04.12.14,344845.65
05.12.14,347234.03
08.12.14,336483.94
09.12.14,335806.8
10.12.14,316313.03
11.12.14,303221.61
12.12.14,302596.33
15.12.14,305416.97
16.12.14,293528.71
17.12.14,311417.9
18.12.14,315422.76
19.12.14,321203.84
22.12.14,322410.88
23.12.14,326931.28
24.12.14,324117.28
26.12.14,328066.1
29.12.14,325673.33
30.12.14,322360.78
31.12.14,308473.12
02.01.15,309401.9
05.01.15,299639.22
06.01.15,294949.03
07.01.15,302269.32
08.01.15,310577.24
09.01.15,302561.19
12.01.15,296333.83
13.01.15,293230.04
14.01.15,291783.24
15.01.15,285208.4
16.01.15,289780.94
20.01.15,289928.04
21.01.15,298932.02
22.01.15,306805.77
23.01.15,302611.3
26.01.15,311743.96
27.01.15,306269.77
28.01.15,285297.32
29.01.15,294772.21
30.01.15,281289.96
02.02.15,287208.66
03.02.15,293294.32
04.02.15,286950.62
05.02.15,293451.86
06.02.15,289698.29
09.02.15,286726.37
10.02.15,292847.56
11.02.15,293546.16
12.02.15,300976.94
13.02.15,301863.9
17.02.15,301204.24
18.02.15,304298.8
19.02.15,306348.13
20.02.15,312379.11
23.02.15,311429.46
24.02.15,319117.96
25.02.15,316082.21
26.02.15,319280.66
27.02.15,320873.93
02.03.15,325361.67
03.03.15,321261.11
04.03.15,321503.76
05.03.15,324577.45
06.03.15,316847.06
09.03.15,319329.25
10.03.15,310994.85
11.03.15,309376.21
12.03.15,319115.67
13.03.15,314800.17
16.03.15,318262.43
17.03.15,319359.42
18.03.15,327171.09
19.03.15,327067.2
20.03.15,330195.42
23.03.15,331042.96
24.03.15,332742.66
25.03.15,326144.13
26.03.15,327553.72
27.03.15,329432.86
30.03.15,333418.66
31.03.15,328615.73
01.04.15,330513.2
02.04.15,333279.21
06.04.15,336752.23
07.04.15,337100.48
08.04.15,340921.15
09.04.15,347103.72
10.04.15,355146.41
13.04.15,347252.9
14.04.15,352312.89
15.04.15,355695.1
16.04.15,357962.29
17.04.15,351641.03
20.04.15,356931.54
21.04.15,357511.01
22.04.15,359831.75
23.04.15,362048.14
24.04.15,362909.53
27.04.15,357677.45
28.04.15,364505.19
29.04.15,357734.94
30.04.15,354109.95
01.05.15,363573.17
04.05.15,363573.17
05.05.15,356000.21
06.05.15,352997.4
07.05.15,355355.77
08.05.15,362985.16
11.05.15,357602.05
12.05.15,360524.99
13.05.15,363031.01
14.05.15,367062.37
15.05.15,368182.84
18.05.15,374623.71
19.05.15,375905.37
20.05.15,375905.37
21.05.15,382761.7
22.05.15,381297.98
26.05.15,375296.8
27.05.15,379991.68
28.05.15,380295.16
29.05.15,378578.93
01.06.15,379207.09
02.06.15,375699.89
03.06.15,380925.52
04.06.15,374668.29
05.06.15,376626.1
08.06.15,372090.36
09.06.15,375360.77
10.06.15,383839.6
11.06.15,387786.71
12.06.15,383652.56
15.06.15,374649.58
16.06.15,379148.95
17.06.15,379451.79
18.06.15,387227.64
19.06.15,381493.72
22.06.15,392312.42
23.06.15,397983.61
24.06.15,391472.1
25.06.15,390977.4
26.06.15,392479.06
29.06.15,358762.44
30.06.15,359278.09
01.07.15,372913.91
02.07.15,362088.32
06.07.15,358622.08
07.07.15,366824.58
08.07.15,347406.09
09.07.15,343008.54
10.07.15,358426.37
13.07.15,377380.77
14.07.15,378614.04
15.07.15,381081.81
16.07.15,392475.41
17.07.15,393076.57
20.07.15,396054.42
21.07.15,396141.87
22.07.15,396838.07
23.07.15,395443.95
24.07.15,387199.81
27.07.15,376608.79
28.07.15,391900.74
29.07.15,395244.61
30.07.15,396884.06
31.07.15,396436.65
03.08.15,398348.51
04.08.15,395830.81
05.08.15,397516.63
06.08.15,392279.88
07.08.15,394887.26
10.08.15,401151.63
11.08.15,391597.1
12.08.15,394008.41
13.08.15,396489.74
14.08.15,395726.75
17.08.15,397502.78
18.08.15,395311.4
19.08.15,388147.61
20.08.15,368829.36
21.08.15,342848.56
24.08.15,299233.9
25.08.15,298208.41
26.08.15,307070.75
27.08.15,304858.7
28.08.15,303035.22
31.08.15,291287.42
01.09.15,274548.7
02.09.15,288451.72
03.09.15,289310.16
04.09.15,277014.28
08.09.15,290500.99
09.09.15,285661.18
10.09.15,290940.71
11.09.15,294154.63
14.09.15,294490.94
15.09.15,309791.15
16.09.15,320787.41
17.09.15,308749.01
18.09.15,300544.77
21.09.15,312911.65
22.09.15,297249.39
23.09.15,301437.94
24.09.15,296489.75
25.09.15,293316.83
28.09.15,283197.89
29.09.15,284074.29
30.09.15,288506.31
01.10.15,293325.59
02.10.15,300403.22
05.10.15,308331.79
06.10.15,304801.45
07.10.15,310795.81
08.10.15,317194.5
09.10.15,318755.34
12.10.15,329804.51
13.10.15,315195.48
14.10.15,314771.72
15.10.15,328114.22
16.10.15,329505.1
19.10.15,340177.14
20.10.15,328811.55
21.10.15,317223.48
22.10.15,336175.17
23.10.15,330356.55
26.10.15,327177.91
27.10.15,331304.82
28.10.15,335906.28
29.10.15,333991.84
30.10.15,329780.15
02.11.15,336900.52
03.11.15,334069.2
04.11.15,328509.8
05.11.15,334701.76
06.11.15,338250.55
09.11.15,326528.22
10.11.15,332412.89
11.11.15,327699.57
12.11.15,314025.64
13.11.15,303615.49
16.11.15,319047.75
17.11.15,313138.63
18.11.15,319477.47
19.11.15,315841.41
20.11.15,322151.4
23.11.15,325893.14
24.11.15,321902.71
25.11.15,327586.31
27.11.15,324206.79
30.11.15,326231.41
01.12.15,333446.83
02.12.15,327869.56
03.12.15,316103.49
04.12.15,329636.28
07.12.15,327329.16
08.12.15,318369.47
09.12.15,311088.24
10.12.15,309839.66
11.12.15,285248.71
14.12.15,294739.45
15.12.15,305960.07
16.12.15,312038.74
17.12.15,302250.9
18.12.15,293353.84
21.12.15,304538.86
22.12.15,312299.67
23.12.15,311766.54
24.12.15,308981.86
28.12.15,312604.37
29.12.15,315326.79
30.12.15,308178.66
31.12.15,307007.74
04.01.16,299004.19
05.01.16,301423.6
06.01.16,296020.79
07.01.16,278231.97
08.01.16,269241.67
11.01.16,276582.04
12.01.16,282863.52
13.01.16,268498.05
14.01.16,273621.76
15.01.16,260486.36
19.01.16,262290.5
20.01.16,258469.41
21.01.16,256692
22.01.16,268527.67
25.01.16,261098.48
26.01.16,266947.73
27.01.16,262190.46
28.01.16,264890.88
29.01.16,273338.88
01.02.16,273974.59
02.02.16,264769.61
03.02.16,266635.37
04.02.16,264852.06
05.02.16,260475.99
08.02.16,254665.98
09.02.16,251776.9
10.02.16,251016.16
11.02.16,244658.8
12.02.16,248011.31
16.02.16,254624.08
17.02.16,259433.35
18.02.16,260211.11
19.02.16,262506.42
22.02.16,270208.27
23.02.16,263179.92
24.02.16,265544.25
25.02.16,270853.92
26.02.16,267232.45
29.02.16,265254.32
01.03.16,278091.16
02.03.16,278790.76
03.03.16,284697.04
04.03.16,280660.91
07.03.16,282465.06
08.03.16,275857.26
09.03.16,279573.65
10.03.16,280872.19
11.03.16,287262.51
14.03.16,289289.76
15.03.16,287660.53
16.03.16,293692.73
17.03.16,297652.06
18.03.16,297999.22
21.03.16,303992.56
22.03.16,305096.65
23.03.16,297182.89
24.03.16,299645.73
28.03.16,301863.91
29.03.16,310545.52
30.03.16,313068.63
31.03.16,312062.3
01.04.16,316518.66
04.04.16,311906.81
05.04.16,304288.51
06.04.16,313402.15
07.04.16,299135.34
08.04.16,302668.97
11.04.16,298707.24
12.04.16,305555.55
13.04.16,312964.48
14.04.16,314725.28
15.04.16,316291.95
18.04.16,324294.89
19.04.16,324535.81
20.04.16,322535.59
21.04.16,319017.02
22.04.16,324523.8
25.04.16,323882.74
26.04.16,326514.35
27.04.16,330856.3
28.04.16,321055.81
29.04.16,316990.04
02.05.16,325758.04
03.05.16,317978.88
04.05.16,316189.97
05.05.16,316780.04
06.05.16,324203.89
09.05.16,326833.45
10.05.16,335496.62
11.05.16,326205.56
12.05.16,330677.95
13.05.16,324816.92
16.05.16,330820.26
17.05.16,325457.09
18.05.16,324779.06
19.05.16,325673.96
20.05.16,331255.99
23.05.16,329086.79
24.05.16,338719.54
25.05.16,341456.46
26.05.16,344539.41
27.05.16,348262.08
31.05.16,349553.5
01.06.16,349299.82
02.06.16,353516.32
03.06.16,354292.27
06.06.16,357019.14
07.06.16,356144.74
08.06.16,355426.41
09.06.16,351736.18
10.06.16,337419.27
13.06.16,310679.56
14.06.16,313394.51
15.06.16,315646.45
16.06.16,319784.14
17.06.16,319385.57
20.06.16,331684.89
21.06.16,330125.24
22.06.16,324275.2
23.06.16,345699.41
24.06.16,289162.67
27.06.16,282944.12
28.06.16,309244.74
29.06.16,318646.99
30.06.16,321962.96
01.07.16,323217.07
05.07.16,322632.74
06.07.16,327759.32
07.07.16,329545.15
08.07.16,339025
11.07.16,339853.81
12.07.16,344705.11
13.07.16,344932.1
14.07.16,346108.42
15.07.16,344471.97
18.07.16,351017.65
19.07.16,351954.32
20.07.16,354199.65
21.07.16,350102.88
22.07.16,354801.51
25.07.16,355197.06
26.07.16,356773.21
27.07.16,360737.35
28.07.16,365210.26
29.07.16,371579.17
01.08.16,374078.86
02.08.16,367631.4
03.08.16,372100.18
04.08.16,377005.11
05.08.16,383965.59
08.08.16,387548.48
09.08.16,390320.54
10.08.16,385527.13
11.08.16,387230.11
12.08.16,388941.48
15.08.16,390858.42
16.08.16,384142.41
17.08.16,390409.01
18.08.16,393601.93
19.08.16,392266.93
22.08.16,391527.73
23.08.16,391852.56
24.08.16,386566
25.08.16,388576.15
26.08.16,386883.51
29.08.16,391384.54
30.08.16,392806.61
31.08.16,392700.76
01.09.16,392989.93
02.09.16,398963.38
06.09.16,405802.6
07.09.16,407455.44
08.09.16,405393.25
09.09.16,374019.53
12.09.16,384815.42
13.09.16,365458.21
14.09.16,359834.82
15.09.16,367095.34
16.09.16,374645.35
19.09.16,378906.76
20.09.16,375622.38
21.09.16,390173.03
22.09.16,399144.95
23.09.16,395986.35
26.09.16,387966.37
27.09.16,396198.45
28.09.16,399476.69
29.09.16,392086.05
30.09.16,393573.5
03.10.16,396601.92
04.10.16,398454.05
05.10.16,399389.39
06.10.16,401264.16
07.10.16,397984.42
10.10.16,403959.7
11.10.16,393752.25
12.10.16,390065.43
13.10.16,385717.39
14.10.16,388259.37
17.10.16,390396.99
18.10.16,396306.04
19.10.16,402861.48
20.10.16,406518.17
21.10.16,409016.47
24.10.16,417083.6
25.10.16,413368.24
26.10.16,408526.69
27.10.16,402931.31
28.10.16,397557.46
31.10.16,391764.92
01.11.16,385740.81
02.11.16,380068.15
03.11.16,369691.84
04.11.16,371700.51
07.11.16,398121.95
08.11.16,398303.91
09.11.16,409367.91
10.11.16,402393.78
11.11.16,404732.19
14.11.16,407008.1
15.11.16,416335.37
16.11.16,412246.97
17.11.16,419414.33
18.11.16,420048.24
21.11.16,426789.75
22.11.16,427391.54
23.11.16,427090.94
25.11.16,428880.93
28.11.16,427438.3
29.11.16,429095.96
30.11.16,426593.94
01.12.16,420185.13
02.12.16,419214.4
05.12.16,436654.25
06.12.16,441794.27
07.12.16,439626.74
08.12.16,438596.51
09.12.16,443527.33
12.12.16,437983.24
13.12.16,439621.58
14.12.16,440902.39
15.12.16,444941.75
16.12.16,446818.35
19.12.16,454498.24
20.12.16,458647.4
21.12.16,461871.64
22.12.16,457735.33
23.12.16,457642.32
27.12.16,462141.68
28.12.16,452563.86
29.12.16,449786.31
30.12.16,445913.66
03.01.17,463014.46
04.01.17,472514.1
05.01.17,475022.5
06.01.17,477552.12
09.01.17,478902.69
10.01.17,479754.56
11.01.17,484408.49
12.01.17,483129.56
13.01.17,485244.79
17.01.17,486054.29
18.01.17,486054.29
19.01.17,485286.7
20.01.17,491961.08
23.01.17,496342.64
24.01.17,506373.38
25.01.17,511583.96
26.01.17,512555.81
27.01.17,514451.29
30.01.17,508785.1
31.01.17,508267.94
01.02.17,513863.55
02.02.17,509594.15
03.02.17,515742.82
06.02.17,515118.2
07.02.17,514546.9
08.02.17,514546.9
09.02.17,521121.98
10.02.17,526943.49
13.02.17,532926.95
14.02.17,548283.08
15.02.17,535467.52
16.02.17,533352.58
17.02.17,530250.71
21.02.17,528940.37
22.02.17,527789.07
23.02.17,520711.75
24.02.17,523394.63
27.02.17,524749.15
28.02.17,520342.14
01.03.17,524922.61
02.03.17,525312.48
03.03.17,533708.78
06.03.17,536630.54
07.03.17,536548.47
08.03.17,536711.61
09.03.17,535980.73
10.03.17,540487.47
13.03.17,547324.15
14.03.17,541723.62
15.03.17,548606.81
16.03.17,557422.5
17.03.17,557821.23
20.03.17,560030.59
21.03.17,547260.15
22.03.17,544280.51
23.03.17,537611.04
24.03.17,544226.88
27.03.17,550952.99
28.03.17,563511.98
29.03.17,563653.6
30.03.17,566141.89
31.03.17,558365.37
03.04.17,555953.19
04.04.17,560605.51
05.04.17,548573.93
06.04.17,555076.7
07.04.17,547149.34
10.04.17,534893.94
11.04.17,527569.29
12.04.17,520828.98
13.04.17,516347.27
17.04.17,532113.6
18.04.17,532454.79
19.04.17,527808.59
20.04.17,532290.75
21.04.17,532476.54
24.04.17,561081.81
25.04.17,565463.55
26.04.17,566861.83
27.04.17,567198.84
28.04.17,568657.51
01.05.17,579250.82
02.05.17,577111.61
03.05.17,572429.16
04.05.17,579772.37
05.05.17,579300.82
08.05.17,585218.03
09.05.17,585218.03
10.05.17,584619.04
11.05.17,582239.64
12.05.17,586918.14
15.05.17,593238.06
16.05.17,595259.21
17.05.17,542265.12
18.05.17,541392.55
19.05.17,570023.88
22.05.17,580585.03
23.05.17,578045.46
24.05.17,586116.57
25.05.17,584917.97
26.05.17,587292.46
30.05.17,590486.44
31.05.17,590941.59
01.06.17,596299.09
02.06.17,595159.53
05.06.17,592079
06.06.17,587239.94
07.06.17,589594.39
08.06.17,594792.33
09.06.17,593170.53
12.06.17,590413.7
13.06.17,600175.05
14.06.17,599916.66
15.06.17,596622.68
16.06.17,599348.37
19.06.17,604754.33
20.06.17,605693.56
21.06.17,603185.51
22.06.17,607995.91
23.06.17,610517.89
26.06.17,616880.94
27.06.17,606961.25
28.06.17,614688.23
29.06.17,607297.05
30.06.17,602142.17
03.07.17,595599.22
05.07.17,599221.57
06.07.17,585125.17
07.07.17,593778.63
10.07.17,600384.93
11.07.17,603573.48
12.07.17,611812.96
13.07.17,615168.42
14.07.17,624613.11
17.07.17,627797.44
18.07.17,631774.81
19.07.17,638481.55
20.07.17,639790.48
21.07.17,642410.31
24.07.17,644214.84
25.07.17,647278.55
26.07.17,644821.42
27.07.17,641923.03
28.07.17,642803.68
31.07.17,646051.53
01.08.17,647418.54
02.08.17,643996.67
03.08.17,641920.12
04.08.17,641656.29
07.08.17,646435.97
08.08.17,636718.13
09.08.17,632604.15
10.08.17,572332.61
11.08.17,571017.12
14.08.17,611864.07
15.08.17,612009.6
16.08.17,614332.22
17.08.17,571553.6
18.08.17,570517.02
21.08.17,585856.06
22.08.17,608877.97
23.08.17,594279.59
24.08.17,598054.51
25.08.17,604133.78
28.08.17,605637.54
29.08.17,602663.17
30.08.17,602199.16
31.08.17,612355.85
01.09.17,611774.86
05.09.17,602827.69
06.09.17,600898.5
07.09.17,605116.76
08.09.17,598101.98
11.09.17,615389.97
12.09.17,621764.06
13.09.17,631978.05
14.09.17,630110.75
15.09.17,633333.43
18.09.17,645624.14
19.09.17,645460.8
20.09.17,649356.95
21.09.17,647973.37
22.09.17,645234.36
25.09.17,646517.13
26.09.17,649087.77
27.09.17,651031.15
28.09.17,656757.93
29.09.17,662011.46
02.10.17,670682.92
03.10.17,669421.18
04.10.17,670114.17
05.10.17,680893.48
06.10.17,680029.04
09.10.17,675183.9
10.10.17,682670.54
11.10.17,686946.14
12.10.17,690411.19
13.10.17,696674.41
16.10.17,702026.59
17.10.17,700438.63
18.10.17,704919.05
19.10.17,707954.22
20.10.17,712398.09
23.10.17,698626.31
24.10.17,695111.21
25.10.17,692592.69
26.10.17,690746.15
27.10.17,707051.92
30.10.17,703138.91
31.10.17,710000.6
01.11.17,706972.88
02.11.17,710323.11
03.11.17,711224.91
06.11.17,716775.5
07.11.17,713264.89
08.11.17,713264.89
09.11.17,710589.03
10.11.17,702288.1
13.11.17,697152.15
14.11.17,699173.57
15.11.17,685383.17
16.11.17,698179.43
17.11.17,699658.63
20.11.17,714370.28
21.11.17,727438.03
22.11.17,731702.1
24.11.17,733249.04
27.11.17,734991.79
28.11.17,737577.97
29.11.17,731337.23
30.11.17,726544.06
01.12.17,719957.02
04.12.17,719957.02
05.12.17,721382.21
06.12.17,724832.09
07.12.17,737987.92
08.12.17,748090.42
11.12.17,760923.06
12.12.17,760511.75
13.12.17,759491.02
14.12.17,762997.19
15.12.17,776257.84
18.12.17,781104.1
19.12.17,780815.18
20.12.17,777367.87
21.12.17,783941.39
22.12.17,777436.49
26.12.17,780200.01
27.12.17,780200.01
28.12.17,783063.67
29.12.17,775218.14
02.01.18,793440.51
03.01.18,799585.66
04.01.18,801252.98
05.01.18,804795.12
08.01.18,805948.87
09.01.18,801342.85
10.01.18,807482.63
11.01.18,808107.69
12.01.18,804577.48
16.01.18,789087.2
17.01.18,787453.48
18.01.18,788668.93
19.01.18,793863.95
22.01.18,796919.82
23.01.18,791253.72
24.01.18,783528.22
25.01.18,778172.38
26.01.18,779635.11
29.01.18,748140.94
30.01.18,738282.57
31.01.18,750126.67
01.02.18,756407.64
02.02.18,703490.23
05.02.18,365453.98
06.02.18,412882.61
07.02.18,422142.19
08.02.18,397994.88
09.02.18,408376.97
12.02.18,414909.07
13.02.18,415218.32
14.02.18,435638.89
15.02.18,439955.67
16.02.18,437024.03
20.02.18,429858.43
21.02.18,427409.38
22.02.18,433073.78
23.02.18,447012.31
26.02.18,455473.94
27.02.18,438109.14
28.02.18,426538.53
01.03.18,413124.14
02.03.18,420563.22
05.03.18,427328.31
06.03.18,426093.97
07.03.18,429670.07
08.03.18,436378.95
09.03.18,451339.31
12.03.18,446227.05
13.03.18,440640.75
14.03.18,435396.97
15.03.18,442426.27
16.03.18,446144.83
19.03.18,431574.53
20.03.18,432653.21
21.03.18,433275.73
22.03.18,408267.03
23.03.18,397314.14
26.03.18,407485.13
27.03.18,396246.09
28.03.18,391003.44
29.03.18,401038.11
02.04.18,387342.15
03.04.18,393824.35
04.04.18,398491.56
05.04.18,405775.32
06.04.18,393449.91
09.04.18,390852.37
10.04.18,395499.59
11.04.18,395393.51
12.04.18,404019.6
13.04.18,410997.69
16.04.18,420944.79
17.04.18,432310.4
18.04.18,431650.38
19.04.18,429680.87
20.04.18,424115.73
23.04.18,426325.64
24.04.18,416593.33
25.04.18,415559.23
26.04.18,424827.78
27.04.18,429376.59
30.04.18,427305.43
01.05.18,432340.81
02.05.18,428050.4
03.05.18,430388.25
04.05.18,434946.07
07.05.18,436087.13
08.05.18,436829.92
09.05.18,446149.41
10.05.18,454371.37
11.05.18,460358.95
14.05.18,464025.1
15.05.18,449826
16.05.18,459365.54
17.05.18,464019.73
18.05.18,461474.59
21.05.18,468771.41
22.05.18,466156.42
23.05.18,471491.25
24.05.18,472641.74
25.05.18,467964.03
29.05.18,441347.39
30.05.18,450139.85
31.05.18,446786.97
01.06.18,459113.36
04.06.18,466868.65
05.06.18,470431.76
06.06.18,478604.75
07.06.18,476858.02
08.06.18,475422.56
11.06.18,480671.93
12.06.18,481768.35
13.06.18,476634.58
14.06.18,485277.47
15.06.18,484717.88
18.06.18,485384.72
19.06.18,475334.35
20.06.18,480346.66
21.06.18,464276.26
22.06.18,470869.58
25.06.18,441869.37
26.06.18,447108.08
27.06.18,433490.01
28.06.18,438212.5
29.06.18,443370.81
02.07.18,443659.39
03.07.18,438532.05
05.07.18,448706.97
06.07.18,458595.31
09.07.18,471637.82
10.07.18,475701.06
11.07.18,466817.3
12.07.18,474658.06
13.07.18,479071.25
16.07.18,478310.89
17.07.18,483848.43
18.07.18,484713.99
19.07.18,480444.15
20.07.18,478690.09
23.07.18,481918.41
24.07.18,482053.9
25.07.18,485773.72
26.07.18,485238.84
27.07.18,478175.08
30.07.18,469690.64
31.07.18,480979.35
01.08.18,478317.4
02.08.18,482594.8
03.08.18,487477.94
06.08.18,495397.57
07.08.18,501293.02
08.08.18,502963.38
09.08.18,500499.15
10.08.18,485954.23
13.08.18,472342.82
14.08.18,485375.3
15.08.18,474849.09
16.08.18,483645.49
17.08.18,491470.19
20.08.18,494268.72
21.08.18,486637.12
22.08.18,494123.84
23.08.18,493209.56
24.08.18,494749.85
27.08.18,494613.19
28.08.18,495111.84
29.08.18,497239.5
30.08.18,487655.26
31.08.18,495810.75
04.09.18,493472.66
05.09.18,487995.02
06.09.18,479135.55
07.09.18,476077.33
10.09.18,484580.82
11.09.18,493239.22
12.09.18,495331.62
13.09.18,502898.64
14.09.18,507943.68
17.09.18,497037.34
18.09.18,502523.41
19.09.18,509372.11
20.09.18,513774.75
21.09.18,511863.79
24.09.18,513792.14
25.09.18,512887.89
26.09.18,506835.45
27.09.18,511755.35
28.09.18,513793.16
01.10.18,515044.13
02.10.18,514147
03.10.18,517705.11
04.10.18,503764.46
05.10.18,498922.17
08.10.18,493734.36
09.10.18,490120.13
10.10.18,444183.38
11.10.18,441708.5
12.10.18,447865.22
15.10.18,443216.52
16.10.18,458820.22
17.10.18,460812.21
18.10.18,443538.81
19.10.18,443442.37
22.10.18,441248.67
23.10.18,438871.38
24.10.18,419204.69
25.10.18,416366.81
26.10.18,414569.43
29.10.18,409915.38
30.10.18,414849.93
31.10.18,420576.85
01.11.18,429909.02
02.11.18,427889.08
05.11.18,430126.56
06.11.18,437877.8
07.11.18,454311.62
08.11.18,453163.63
09.11.18,446542.68
12.11.18,429511.26
13.11.18,428195.2
14.11.18,422005.78
15.11.18,426108.17
16.11.18,435406.69
19.11.18,422359.46
20.11.18,410405.28
21.11.18,413419.27
23.11.18,409934.72
26.11.18,425025.79
27.11.18,426880.51
28.11.18,433108.65
29.11.18,431024.15
30.11.18,438987.36
03.12.18,449595.77
04.12.18,418779.64
06.12.18,414907.59
07.12.18,400915.39
10.12.18,402174.31
11.12.18,402658.21
12.12.18,403529.05
13.12.18,405801.43
14.12.18,398753.62
17.12.18,390194.42
18.12.18,387081.35
19.12.18,383998.8
20.12.18,380674.85
21.12.18,368117.95
24.12.18,357412.77
26.12.18,365232.89
27.12.18,362686.62
28.12.18,361071.36
31.12.18,368282.11
02.01.19,374289.33
03.01.19,365347.97
04.01.19,380514.99
07.01.19,383858.45
08.01.19,388105.01
09.01.19,391790.04
10.01.19,394209.5
11.01.19,400122.64
14.01.19,399893.77
15.01.19,406429.29
16.01.19,404270.3
17.01.19,409470.1
18.01.19,411619.24
22.01.19,392221.87
23.01.19,395999.91
24.01.19,401002.51
25.01.19,409745.66
28.01.19,401291.85
29.01.19,403610.98
30.01.19,411478.09
31.01.19,419605.83
01.02.19,421845.66
04.02.19,427543.25
05.02.19,428408.66
06.02.19,430314.78
07.02.19,422564.71
08.02.19,426700.27
11.02.19,428348.91
12.02.19,431743.49
13.02.19,432388.84
14.02.19,429120.64
15.02.19,436608.99
19.02.19,436608.99
20.02.19,445794.96
21.02.19,441694.35
22.02.19,450798.36
25.02.19,445835.79
26.02.19,443223.17
27.02.19,443916.6
28.02.19,445307.53
01.03.19,454813.92
04.03.19,449657.01
05.03.19,446777.2
06.03.19,440032.47
07.03.19,433474
08.03.19,432774.08
11.03.19,448225.32
12.03.19,452716.56
13.03.19,456152.74
14.03.19,458389.89
15.03.19,465173.81
18.03.19,463296.6
19.03.19,461754.85
20.03.19,458709.59
21.03.19,462361.68
22.03.19,438238.46
25.03.19,436934.27
26.03.19,447478.74
27.03.19,443319.83
28.03.19,450271.23
29.03.19,455361.69
01.04.19,460438.53
02.04.19,459726.6
03.04.19,460114.92
04.04.19,461596.09
05.04.19,466457.23
08.04.19,465691.29
09.04.19,457121.62
10.04.19,464251.88
11.04.19,468988.78
12.04.19,481154.65
15.04.19,482961.29
16.04.19,483750.25
17.04.19,483750.25
18.04.19,486945.48
22.04.19,491067.4
23.04.19,491924.41
24.04.19,484627.1
25.04.19,480191
26.04.19,487936.01
29.04.19,484611.07
30.04.19,485422.81
01.05.19,473942.53
02.05.19,475012.8
03.05.19,486927.63
06.05.19,470615.15
07.05.19,443551.7
08.05.19,440538.59
09.05.19,441837.43
10.05.19,458079.94
13.05.19,423428.25
14.05.19,434782.44
15.05.19,444448.72
16.05.19,453440.46
17.05.19,450205.25
20.05.19,448099.93
21.05.19,459979.51
22.05.19,460686.08
23.05.19,445363.43
24.05.19,452656.17
28.05.19,444440.87
29.05.19,439614.73
30.05.19,443440.56
31.05.19,434763.9
03.06.19,434230.99
04.06.19,444692.5
05.06.19,450832.9
06.06.19,453171.72
07.06.19,450977.87
10.06.19,454355.59
11.06.19,453004.93
12.06.19,454516.7
13.06.19,455083.65
14.06.19,458665.87
17.06.19,461236.34
18.06.19,461382.98
19.06.19,471790.12
20.06.19,468161.87
21.06.19,462377.86
24.06.19,465635.85
25.06.19,460114.33
26.06.19,461803.41
27.06.19,467349.84
28.06.19,474396.26
01.07.19,482371.27
02.07.19,492162.08
03.07.19,494156.57
05.07.19,490620.33
08.07.19,483772.49
09.07.19,483487.99
10.07.19,492376.38
11.07.19,495647.84
12.07.19,499696.76
15.07.19,500134.97
16.07.19,498653.35
17.07.19,492145.64
18.07.19,498266.62
19.07.19,489632.89
22.07.19,499715.46
23.07.19,505828.98
24.07.19,512216.98
25.07.19,506998.44
26.07.19,512041.2
29.07.19,510315.87
30.07.19,500720.02
31.07.19,486290.05
01.08.19,470901.68
02.08.19,471543.12
05.08.19,427041.73
06.08.19,440422
07.08.19,443805.52
08.08.19,458425.81
09.08.19,451024.85
12.08.19,430938.23
13.08.19,449913.45
14.08.19,422779.3
15.08.19,422758.76
16.08.19,436124.84
19.08.19,450895.32
20.08.19,445892.32
21.08.19,459166.51
22.08.19,452711.6
23.08.19,430842.12
26.08.19,433237.45
27.08.19,425548.75
28.08.19,432648.19
29.08.19,441602.56
30.08.19,438336.04
03.09.19,431952.06
04.09.19,444847.46
05.09.19,452295
06.09.19,459974.03
09.09.19,460884.52
10.09.19,461726.77
11.09.19,466926.16
12.09.19,472350.91
13.09.19,475253.56
16.09.19,469911.52
17.09.19,472581.68
18.09.19,482268.56
19.09.19,484359.32
20.09.19,469852.23
23.09.19,476300.12
24.09.19,461577.86
25.09.19,468760.09
26.09.19,466092.13
27.09.19,458935.06
30.09.19,469396.54
01.10.19,452501.72
02.10.19,438472.97
03.10.19,448656.09
04.10.19,459863.74
07.10.19,457508.84
08.10.19,439366.46
09.10.19,449252.21
10.10.19,455708.67
11.10.19,466798.92
14.10.19,477324.78
15.10.19,483886.78
16.10.19,486037.39
17.10.19,488155.01
18.10.19,486688.46
21.10.19,494869.08
22.10.19,488903.5
23.10.19,493149.74
24.10.19,495038.28
25.10.19,503049.59
28.10.19,500392.8
29.10.19,501881.98
30.10.19,509989.42
31.10.19,505455.46
01.11.19,515393.03
04.11.19,513753.89
05.11.19,508340.74
06.11.19,512323.36
07.11.19,514760.36
08.11.19,518273.3
11.11.19,521609.46
12.11.19,522422.1
13.11.19,522083.63
14.11.19,525580.1
15.11.19,534625.94
18.11.19,536699.66
19.11.19,532961.34
20.11.19,533836.48
21.11.19,531167.07
22.11.19,540137.81
25.11.19,552106.32
26.11.19,555706.69
27.11.19,556161.98
29.11.19,550730.61
02.12.19,533188.64
03.12.19,520037.56
04.12.19,531722.89
05.12.19,535784.15
06.12.19,543872.12
09.12.19,527965.95
10.12.19,532429.99
11.12.19,538135.35
12.12.19,550682.66
13.12.19,564790.79
16.12.19,571423.66
17.12.19,570246.31
18.12.19,571204.7
19.12.19,574995.31
20.12.19,572076.55
23.12.19,571686.5
24.12.19,575902.09
26.12.19,575464.88
27.12.19,564800.09
30.12.19,557904.32
31.12.19,572464.48
02.01.20,582279.36
03.01.20,566935.33
06.01.20,568720.95
07.01.20,571818.47
08.01.20,579813.05
09.01.20,587762.72
10.01.20,588736.43
13.01.20,595807.27
14.01.20,598583.76
15.01.20,599959.4
16.01.20,605278.51
17.01.20,605372.02
21.01.20,602075.39
22.01.20,600078.46
23.01.20,602934.74
24.01.20,583907.42
27.01.20,553953.63
28.01.20,569207.25
29.01.20,569431.29
30.01.20,578311.14
31.01.20,545533.13
03.02.20,549637.28
04.02.20,568090.53
05.02.20,578222.88
06.02.20,580940.68
07.02.20,575000.39
10.02.20,580290.23
11.02.20,580963.25
12.02.20,594071.67
13.02.20,588874.51
14.02.20,592224.65
18.02.20,584468.9
19.02.20,592778.89
20.02.20,579518.48
21.02.20,564895.95
24.02.20,515257.61
25.02.20,489152.26
26.02.20,488034.84
27.02.20,448738.23
28.02.20,450001.35
02.03.20,449191.51
03.03.20,425919.44
04.03.20,436236.5
05.03.20,405922.4
06.03.20,383452.07
09.03.20,342736.5
10.03.20,350624.66
11.03.20,331522.04
12.03.20,297692.41
13.03.20,305080.7
16.03.20,251873.1
17.03.20,247723.37
18.03.20,229474.31
19.03.20,236046.89
20.03.20,244187.33
23.03.20,268208.88
24.03.20,273831.37
25.03.20,263796.1
26.03.20,277844.41
27.03.20,256566.94
30.03.20,264260.36
31.03.20,271211.23
01.04.20,258479.19
02.04.20,267339.12
03.04.20,272024.22
06.04.20,281797.57
07.04.20,274989.03
08.04.20,279842.72
09.04.20,284627
13.04.20,287632.46
14.04.20,299998.38
15.04.20,283622.42
16.04.20,283832.26
17.04.20,291256.53
20.04.20,272889.46
21.04.20,263491.42
22.04.20,269829.81
23.04.20,269277.52
24.04.20,278648.77
27.04.20,288771.43
28.04.20,287410.23
29.04.20,296572.57
30.04.20,288259.71
01.05.20,275075.14
04.05.20,280045.79
05.05.20,285593.85
06.05.20,282305.83
07.05.20,291276.84
08.05.20,301092.24
11.05.20,309251.6
12.05.20,286523.43
13.05.20,277829.05
14.05.20,286223.78
15.05.20,287120.98
18.05.20,298855.53
19.05.20,289065.38
20.05.20,299429.38
21.05.20,293205.86
22.05.20,296221.44
26.05.20,299750.16
27.05.20,302357.15
28.05.20,296187.15
29.05.20,302610.76
01.06.20,299188.82
02.06.20,304507.38
03.06.20,310239.55
04.06.20,311976.02
05.06.20,320294
08.06.20,315871.77
09.06.20,306426.19
10.06.20,308770.82
11.06.20,248647.51
12.06.20,264133.04
15.06.20,267144.63
16.06.20,268981.32
17.06.20,268981.32
18.06.20,269156.38
19.06.20,262455.88
22.06.20,275781.35
23.06.20,274509.97
24.06.20,267505.7
25.06.20,272837.87
26.06.20,263134.62
29.06.20,270823.41
30.06.20,276159.7
01.07.20,280704.1
02.07.20,284180.08
06.07.20,283459.42
07.07.20,278181.88
08.07.20,281989.76
09.07.20,278416.56
10.07.20,283298.43
13.07.20,270179.65
14.07.20,277721.95
15.07.20,282136.47
16.07.20,282684.46
17.07.20,289043.54
20.07.20,296433.97
21.07.20,294867.98
22.07.20,297914.69
23.07.20,289709.27
24.07.20,289809.42
27.07.20,295356.73
28.07.20,295409.47
29.07.20,298890.28
30.07.20,296804.5
31.07.20,298375.52
03.08.20,299069.54
04.08.20,304005.87
05.08.20,306385.29
06.08.20,308324.08
07.08.20,309075.38
10.08.20,313429.98
11.08.20,306950.19
12.08.20,314732.62
13.08.20,315033.45
14.08.20,314224.45
17.08.20,321222.3
18.08.20,323306.53
19.08.20,318547.36
20.08.20,320596.15
21.08.20,320097.56
24.08.20,320606.13
25.08.20,322397.22
26.08.20,318271.51
27.08.20,312760.65
28.08.20,312314.73
31.08.20,305903.43
01.09.20,303997.41
02.09.20,298086.67
03.09.20,278673.69
04.09.20,291270.65
08.09.20,295022.89
09.09.20,301715.56
10.09.20,303355.12
11.09.20,308372.65
14.09.20,310888.28
15.09.20,315482.04
16.09.20,314963.59
17.09.20,318470.63
18.09.20,317202.5
21.09.20,311247.13
22.09.20,310222.8
23.09.20,304763.04
24.09.20,305257.31
25.09.20,309607.31
28.09.20,310854.74
29.09.20,315753.81
30.09.20,312256.29
01.10.20,312295.97
02.10.20,307028.16
05.10.20,312172.42
06.10.20,311303.32
07.10.20,315118.2
08.10.20,322795.36
09.10.20,330145.21
12.10.20,332921.29
13.10.20,332280.03
14.10.20,333693.24
15.10.20,329840.64
16.10.20,328875.89
19.10.20,322010.34
20.10.20,323269.24
21.10.20,327313.47
22.10.20,329526.94
23.10.20,329727.21
26.10.20,315793.86
27.10.20,315236.01
28.10.20,292741.69
29.10.20,303662.74
30.10.20,298320.46
02.11.20,301798.97
03.11.20,309925.37
04.11.20,323330.88
05.11.20,326080
06.11.20,336882.3
09.11.20,340367.73
10.11.20,346015.49
11.11.20,349785.85
12.11.20,337841.25
13.11.20,348418.73
16.11.20,352161.78
17.11.20,355565.27
18.11.20,349275.35
19.11.20,352020.62
20.11.20,352735.31
23.11.20,354508.51
24.11.20,357523.82
25.11.20,364404.9
27.11.20,362842.25
30.11.20,366296.35
01.12.20,364745.04
02.12.20,365721.87
03.12.20,364004.96
04.12.20,366716.77
07.12.20,366225.66
08.12.20,372599.04
09.12.20,365681.32
10.12.20,363875.88
11.12.20,356911.18
14.12.20,352968.33
15.12.20,360855.3
16.12.20,367176.59
17.12.20,369222.5
18.12.20,366561.94
21.12.20,351171.8
22.12.20,354397.99
23.12.20,361605.98
24.12.20,366888.49
28.12.20,367777.09
29.12.20,360881.91
30.12.20,367204.38
31.12.20,367374.27
04.01.21,351896.07
05.01.21,357250.03
06.01.21,358422.21
07.01.21,368944.59
08.01.21,370798.92
11.01.21,359755.18
12.01.21,365620.58
13.01.21,368573.68
14.01.21,366458.17
15.01.21,361751.91
19.01.21,366931.14
20.01.21,370204.07
21.01.21,371987.57
22.01.21,369392.08
25.01.21,361702.89
26.01.21,364912.73
27.01.21,325678.12
28.01.21,330553.27
29.01.21,320347.8
01.02.21,329133.38
02.02.21,342727.04
03.02.21,351382.04
04.02.21,359093.23
05.02.21,359832.58
08.02.21,360891.17
09.02.21,360431.07
10.02.21,357102.4
11.02.21,361529.3
12.02.21,367515.4
16.02.21,365885.48
17.02.21,369562.52
18.02.21,368151.59
19.02.21,375056.87
22.02.21,367242.14
23.02.21,374800.05
24.02.21,382223.26
25.02.21,351299.55
26.02.21,360184.45
01.03.21,372100.66
02.03.21,371082.24
03.03.21,363092.9
04.03.21,355078.29
05.03.21,367738.55
08.03.21,364916.57
09.03.21,372228.56
10.03.21,374443.8
11.03.21,379159.11
12.03.21,382660.05
15.03.21,393935.18
16.03.21,393467.74
17.03.21,402013.02
18.03.21,390902.36
19.03.21,398484.68
22.03.21,411603.86
23.03.21,401807.62
24.03.21,400792.22
25.03.21,406301.24
26.03.21,414391.95
29.03.21,409465.49
30.03.21,417818.43
31.03.21,420013.93
01.04.21,426300.27
05.04.21,431777.81
06.04.21,431716.37
07.04.21,436778.92
08.04.21,440539.38
09.04.21,441623.52
12.04.21,444130.21
13.04.21,445806.15
14.04.21,440743.7
15.04.21,448179.04
16.04.21,451732.68
19.04.21,443274.45
20.04.21,439191.47
21.04.21,450219.86
22.04.21,437208.37
23.04.21,444607.81
26.04.21,446824.12
27.04.21,452007.81
28.04.21,452376.36
29.04.21,453464.08
30.04.21,444635.47
03.05.21,451970.81
04.05.21,443648.15
05.05.21,449510.92
06.05.21,451223.52
07.05.21,464286.5
10.05.21,453232.44
11.05.21,436040.87
12.05.21,398432.58
13.05.21,417626.19
14.05.21,442478.69
17.05.21,434627.16
18.05.21,431529.77
19.05.21,421823.94
20.05.21,433114.53
21.05.21,435721.17
24.05.21,446021.32
25.05.21,446098.63
26.05.21,457154.08
27.05.21,468949.96
28.05.21,463700.92
01.06.21,458299.99
02.06.21,463752.6
03.06.21,459692.54
04.06.21,471978.93
07.06.21,476726.53
08.06.21,473742.97
09.06.21,469854.37
10.06.21,483255.36
11.06.21,490297.35
14.06.21,487773.14
15.06.21,481371.4
16.06.21,480651.72
17.06.21,481993.21
18.06.21,460077.13
21.06.21,474863.37
22.06.21,486869.31
23.06.21,491633.43
24.06.21,495414.96
25.06.21,500672.52
28.06.21,500990.96
29.06.21,495299.45
30.06.21,498132.58
01.07.21,502467.31
02.07.21,502791.04
06.07.21,496937.44
07.07.21,495951.6
08.07.21,480229.21
09.07.21,496060.34
12.07.21,497702.1
13.07.21,494816.8
14.07.21,500767.23
15.07.21,497453.05
16.07.21,486553.07
19.07.21,449422.24
20.07.21,470413.65
21.07.21,485488.2
22.07.21,480130.13
23.07.21,482439.04
26.07.21,484533.46
27.07.21,477983.08
28.07.21,484267.82
29.07.21,488440.4
30.07.21,481823.63
02.08.21,472835.44
03.08.21,484820.77
04.08.21,485344.02
05.08.21,491128.19
06.08.21,497922
09.08.21,499656.18
10.08.21,504306.46
11.08.21,511884.68
12.08.21,516604.28
13.08.21,516344.94
16.08.21,514849.33
17.08.21,507279.93
18.08.21,487963.01
19.08.21,481018.21
20.08.21,499617.58
23.08.21,507440.56
24.08.21,508601.72
25.08.21,514428.66
26.08.21,503852.84
27.08.21,516460.72
30.08.21,519012.25
31.08.21,520132.61
01.09.21,526678.23
02.09.21,527368.88
03.09.21,524414.39
07.09.21,519365.92
08.09.21,519294.75
09.09.21,513457.76
10.09.21,502809.58
13.09.21,512815.41
14.09.21,509936.32
15.09.21,518481.58
16.09.21,521990.9
17.09.21,504980.24
20.09.21,477143.22
21.09.21,486503.59
22.09.21,499510.61
23.09.21,514753.15
24.09.21,523529.91
27.09.21,520873.03
28.09.21,493442.62
29.09.21,488916.7
30.09.21,490084.77
01.10.21,497248.62
04.10.21,490863.88
05.10.21,499141.76
06.10.21,503972.27
07.10.21,512722.38
08.10.21,518056.05
11.10.21,514380.66
12.10.21,519327.88
13.10.21,524103.59
14.10.21,538897.27
15.10.21,538473.45
18.10.21,544088.91
19.10.21,546687.06
20.10.21,549671.23
21.10.21,558268.68
22.10.21,552233.59
25.10.21,560184.97
26.10.21,554855.84
27.10.21,548535.01
28.10.21,557114.89
29.10.21,554888
